Id,Label
0,0.0469656888766
1,0.100010116795
2,0.0780626695496
3,-0.0263827710544
4,-0.0156765353272
5,0.152582614939
6,-0.0409637888721
7,-0.024649378686
8,-0.0524971099557
9,-0.022868039482
10,-0.00220956683342
11,0.0880615537513
12,-0.00720843888237
13,-0.029828618315
14,0.0117499176599
15,0.0222422388486
16,0.00566423025037
17,-0.0235385893137
18,0.615623633124
19,0.0636330658828
20,-0.0855697485373
21,1.00029463235
22,-0.0116515019256
23,0.770082198495
24,0.733280812499
25,0.113672559793
26,-0.0577727182118
27,-0.0318455430824
28,0.0557913644296
29,0.0917363972434
30,0.00360416014271
31,0.850141232095
32,0.0998932318419
33,0.0371999200418
34,0.179309980197
35,0.533134365419
36,-0.00168041935706
37,0.0827246897833
38,0.0494203964343
39,0.935109446654
40,0.375371217136
41,-0.0149284819486
42,0.00434792425423
43,0.00543891219732
44,1.14850841677
45,0.0224436879436
46,0.0184984321772
47,0.0903050781671
48,-0.0120766007837
49,0.00304019464925
50,0.00434792425423
51,-0.0596084368273
52,0.461936269033
53,0.00385893705633
54,0.0558060751418
55,-0.0103275984758
56,-0.0475456230166
57,0.04105292024
58,0.00481019011352
59,-0.0260344463872
60,0.0533078740335
61,0.147204082657
62,0.00600781281942
63,1.23231621866
64,0.0297373856399
65,0.0636330658828
66,0.100969461082
67,-0.00698503570043
68,0.00449064961031
69,1.02643935884
70,-0.0204206260026
71,0.102949917259
72,0.150228195254
73,0.537434830163
74,1.20956888815
75,0.020159146661
76,0.910487435295
77,1.33099277643
78,0.00591416821108
79,0.0161604818237
80,0.0338056493102
81,0.00434792425423
82,0.0840964813445
83,-0.024568203077
84,0.030675243643
85,1.01800900033
86,-0.0268353650547
87,0.262712097331
88,0.00830516001812
89,0.0286804527105
90,0.132199544406
91,-0.0119195467441
92,-0.00923167670295
93,0.0134498729241
94,0.0479845095872
95,0.0351058683704
96,-0.0244308380811
97,1.03238749574
98,-0.016427979631
99,0.0152194926552
100,-0.0154624917167
101,-0.0557245938989
102,0.0204092279799
103,-0.0112213366302
104,0.949533028442
105,0.981990498072
106,-0.0372917070376
107,-0.00435249036714
108,0.865278170043
109,0.00101990944801
110,0.0606395311432
111,0.0747251057122
112,-0.0216955924143
113,0.0790347202965
114,0.00760981977855
115,1.04650907165
116,-0.030903311985
117,0.0228638271037
118,0.0473170262586
119,0.0649078851749
120,0.943168564491
121,0.62999578704
122,0.552313272992
123,0.0174411699313
124,1.01510637274
125,0.031273117052
126,-0.101900789946
127,0.519285156118
128,-0.0112910632328
129,-0.0344787869832
130,0.0373993285026
131,-0.00410335867244
132,0.0110756516766
133,-0.0393428958842
134,0.0847078075465
135,0.0475310530808
136,0.00222184932792
137,0.0174896801521
138,0.03848519233
139,0.00397344349396
140,0.0158605367169
141,0.637665633855
142,-0.0228355237305
143,0.0184298981978
144,-0.0106043606542
145,0.0536919441464
146,-0.0409845961607
147,0.0495423155821
148,0.00484046586806
149,0.0202903678616
150,0.630431898041
151,0.0130559900427
152,0.0258034921479
153,-0.00142461603724
154,0.0227021560481
155,0.963542473053
156,0.0305151582319
157,1.06191087085
158,-0.00965125917072
159,0.0499294397449
160,0.0823342595074
161,-0.0413471807723
162,-0.0477412740923
163,4.36065115909e-05
164,-0.00195674589454
165,0.901387094731
166,-0.0199391542119
167,0.0242543215578
168,0.0226083425008
169,-0.00301773542378
170,0.810656445941
171,0.135531142259
172,0.0244098422603
173,-0.00325307752592
174,0.0606161708965
175,-0.00522277326103
176,-0.0133143642669
177,0.0425112216765
178,0.861388018287
179,0.00502324499145
180,0.0622301952527
181,0.00427619458629
182,0.0897739044861
183,0.0126242223259
184,-0.00145218777835
185,-0.0183545451021
186,0.0758038371015
187,0.00269105245188
188,0.0496721164616
189,0.0362795287586
190,0.0238738081961
191,-0.00641361274018
192,0.769279550835
193,0.0413763249331
194,0.0133545230713
195,0.0636330658828
196,0.00988906174063
197,-0.0855195326034
198,0.34047227399
199,-0.0228019244693
200,0.00560883211945
201,0.013352899539
202,0.105653336589
203,0.0853835117699
204,0.0091436183916
205,0.0586158021074
206,-0.0425697495565
207,0.000911408864034
208,-0.0102421029724
209,-0.0566139758716
210,0.0109080952865
211,0.00751738514602
212,0.183190163353
213,0.0689757718904
214,0.00636970905746
215,-0.0371968431823
216,0.0135584580975
217,0.0482151126473
218,1.234114605
219,0.00205478932596
220,0.0636521654775
221,-0.0102946783377
222,-0.063178416313
223,0.107797684619
224,0.740244540174
225,-0.0133229595183
226,0.108512761198
227,0.0707097597799
228,0.742864883641
229,-0.0222697512523
230,0.18778419543
231,0.515230647398
232,0.016468135481
233,0.954781398683
234,0.00390798079338
235,0.0900823487289
236,-0.0160122088062
237,-0.00813367861419
238,0.0492316620656
239,0.045188175537
240,-0.00548871979858
241,0.00504794815906
242,0.0538893946502
243,0.0435177236277
244,-0.0059060236766
245,0.945201493267
246,0.125232442076
247,0.0674054304574
248,-0.0163858242262
249,0.145978440399
250,0.124147508063
251,0.0803586060787
252,0.814343208741
253,0.864515500861
254,-0.0110253817614
255,-0.00163851287741
256,-0.0801652825953
257,0.0737268375669
258,0.0612523522833
259,-0.017488985446
260,-0.00429046090774
261,-0.0142732573903
262,0.0670985856824
263,-0.0110863499019
264,0.01129761524
265,0.0248198472598
266,-0.0766574416896
267,0.016714281291
268,0.0746711371792
269,-6.00899151063e-05
270,0.0157789637925
271,0.0415708937541
272,0.0164831466774
273,1.09517432887
274,0.000999580604831
275,0.598708184343
276,0.0227898138014
277,0.0588594522123
278,-0.125232058696
279,0.0419987289971
280,0.136704712249
281,-0.0101085275354
282,0.0427434287465
283,0.0571293855444
284,0.0358731985497
285,0.882462998499
286,0.0301565297976
287,-0.00145533047245
288,-0.0300658997546
289,0.0184740849297
290,0.0401037941282
291,0.0334076251842
292,1.17274931854
293,0.0117368442493
294,1.15364004664
295,0.00452669367777
296,0.079607497265
297,1.06617433891
298,0.0559144712014
299,-0.0105168588071
300,0.0186449241955
301,-0.0259924592837
302,0.0238149438299
303,0.0133344818655
304,-0.0320562460851
305,0.0137899003309
306,-0.0125645436346
307,-0.00396080011108
308,-0.0320562460851
309,-0.0272725385502
310,0.0580626191806
311,1.32600389212
312,0.0230053991783
313,0.0128550121937
314,-0.0231048843149
315,0.00299858157046
316,0.0294822936037
317,0.718601074904
318,-0.0243642942643
319,-0.00726604182576
320,-0.00974544630788
321,0.0293945634332
322,0.0450909082689
323,-0.0150037598288
324,0.0384730727522
325,0.050191812101
326,1.07452591797
327,-0.0499222014829
328,0.0202422568281
329,0.0487673717428
330,0.0458619844784
331,0.0456893853028
332,-0.0260382190871
333,0.0170271701281
334,0.271889120652
335,-0.0427060438388
336,0.022396576426
337,0.0515027312983
338,0.0253399370319
339,-0.0169045952867
340,0.130574090214
341,0.0339819766213
342,-0.0962249854187
343,-0.043741784394
344,0.00520289817078
345,0.058656687697
346,0.00395543146849
347,0.000354176316429
348,0.00607227338245
349,0.258461354957
350,0.159025629363
351,-0.00892689575973
352,0.0104155646235
353,-0.0099323314703
354,0.0194106791525
355,0.0337053094757
356,0.0042165358673
357,-0.0452543600693
358,0.0651649153309
359,0.00382948256831
360,0.0344167273086
361,0.000876519258324
362,0.0216926172558
363,0.00363097672703
364,0.414561837067
365,0.0183338168128
366,0.00732800771654
367,0.270896386912
368,0.037335445371
369,0.0130254144242
370,-0.0490415261574
371,0.00996427163046
372,0.0383204134809
373,0.0290344271158
374,0.00696287610898
375,0.0393574599889
376,0.56389588992
377,0.00634537959471
378,0.0242507754878
379,0.0273555429044
380,0.00181815637576
381,0.0531631798606
382,0.0240602361234
383,0.024943252046
384,-0.0379440861285
385,0.0498641151953
386,0.0237881787601
387,0.349053677172
388,-0.0121073319515
389,0.00977450352253
390,0.0041521449872
391,0.0374901149274
392,-0.011096264422
393,-0.0178010932676
394,-0.0525629488212
395,-0.0438619571246
396,-0.0213221520792
397,0.136953115905
398,0.0142314671753
399,-0.0347548445241
400,-0.00864819663158
401,0.753220861181
402,-0.00567388664336
403,-0.03040003118
404,0.034176102811
405,-0.00827463965103
406,-0.0226624880735
407,0.0715822167936
408,0.0848020539987
409,0.0958525147076
410,0.0113247861057
411,0.213546542999
412,1.29870309625
413,0.952002042747
414,0.0179552416598
415,-0.078684191257
416,0.0455453426102
417,0.0718811475902
418,0.0424999009481
419,-0.00411638524202
420,1.03676116696
421,-0.0168729402644
422,0.0938935661815
423,0.728656520855
424,-0.090679548037
425,0.117510981797
426,0.0384473672894
427,0.00398309917879
428,0.0636830494868
429,0.0275410581223
430,0.144439849642
431,0.106184740889
432,0.0590890338816
433,0.0270223812984
434,0.0426449760258
435,0.0799203632043
436,0.0627759797397
437,-0.0138747498343
438,-0.0120958692569
439,-0.0443401975602
440,0.0617468456559
441,0.0396997578014
442,1.01723779174
443,0.0536911863214
444,0.0733815592546
445,0.0486407268406
446,0.683431658613
447,-0.0662678791788
448,0.14841195988
449,0.0335671503979
450,0.00212993677848
451,-0.0153791716566
452,-0.00715578744179
453,-0.00604008582062
454,0.00904641258105
455,0.126736596975
456,-0.045266581159
457,-0.00444927100256
458,-0.0206012626693
459,-0.00175252412414
460,1.03580492008
461,1.17822872726
462,0.0119735344927
463,-0.0188800573718
464,-0.0308263437074
465,1.03593507333
466,0.0250394605262
467,0.131021521302
468,-0.00553243710135
469,0.0268739376703
470,0.00434792425423
471,0.0398882298449
472,0.000299191837486
473,0.895193153101
474,0.149735446026
475,1.00041423398
476,0.0456774796091
477,0.590490809919
478,-0.034525180698
479,0.0155163865817
480,0.0706950959768
481,-0.0163406134084
482,0.0621772872325
483,-0.0202945104346
484,0.515230647398
485,0.0387761546984
486,-0.0826470698984
487,1.11265531764
488,0.00378298231622
489,0.0493772356787
490,-0.0474165519826
491,0.106342751804
492,0.0619427218901
493,-0.00773403519306
494,0.434492035383
495,0.555594232621
496,0.0123758128358
497,0.0499835471977
498,0.0147917774355
499,0.109014921696
500,0.0364301685944
501,0.0133820946777
502,0.0165187485323
503,1.02237523625
504,-0.0169254381933
505,0.0286974363678
506,-0.013534921331
507,-0.0181012145219
508,0.0486967286245
509,0.00605114792246
510,0.0075020418732
511,-0.0411606236045
512,0.0680249750682
513,0.0068905447735
514,0.00142747638987
515,-0.00581451524419
516,0.0393102142903
517,0.0288345220827
518,0.0214271541324
519,0.0355260723205
520,0.0361017889161
521,-0.0239593493517
522,1.016229196
523,0.0636330658828
524,-0.0174794459377
525,0.143317479979
526,0.136589366578
527,-0.0653608870063
528,0.0051785073287
529,0.0190973835118
530,0.0208884968798
531,0.0583351425915
532,0.225482590768
533,0.0349649211213
534,0.0547713822393
535,0.0330775181949
536,1.15527461268
537,0.0279179207915
538,-0.00228708463823
539,-0.010225120515
540,0.0235055148377
541,-0.0177682761819
542,-0.017120709967
543,-0.00799954645731
544,0.0175281490389
545,0.074527683973
546,0.00294305137258
547,0.14695852274
548,0.196889135822
549,0.0443005486772
550,0.124399912204
551,0.00431523808143
552,-0.136459440466
553,0.869269500362
554,-0.00626498089929
555,0.00327010270971
556,-0.00880107924167
557,0.00441347868449
558,0.0218271726339
559,-0.0146328693375
560,0.0476608896175
561,0.000220932263267
562,-0.0115827929277
563,0.00681217518064
564,-0.0544938341727
565,0.0302361099914
566,0.00392768532961
567,0.0807820613493
568,0.0491740674077
569,1.07710175907
570,0.179310190493
571,1.04811099691
572,0.0781663009148
573,0.0865795412433
574,0.00398110582068
575,0.0415334062223
576,1.01869691918
577,0.0714428687657
578,0.0324489887294
579,0.00729529167362
580,0.0736637164636
581,0.122514562782
582,0.0560294916742
583,0.909540145221
584,0.0107950086324
585,-0.0284581063419
586,0.0571648532571
587,-0.002697241041
588,0.117587249347
589,-0.019128701293
590,-0.0477412740923
591,0.0276956477049
592,0.0802965311893
593,0.0140219025577
594,-0.00392627170253
595,0.0778388176692
596,0.00785809810418
597,0.141111985202
598,0.0251276573986
599,-0.0134802843722
600,0.022503226976
601,0.959312805685
602,0.0880146876364
603,0.0035014810164
604,-0.0606971938445
605,0.959899230426
606,0.948412518878
607,0.00575012440279
608,1.190415997
609,0.151237243664
610,0.079029854546
611,-0.0193558220101
612,0.555594232621
613,-0.00759937875566
614,0.0873191469215
615,-0.0272852351723
616,0.0457643337634
617,0.0572438400271
618,0.0535310277123
619,-0.0144509726133
620,-0.055643756326
621,-0.0219057823043
622,0.110789725778
623,0.0720741779376
624,0.230417411608
625,0.465169097745
626,-0.0390005703566
627,0.0722608141013
628,-0.0311775960807
629,-0.108394846999
630,0.645084654081
631,1.07950861209
632,-0.00161195896177
633,-0.0671584316202
634,-0.0092852825261
635,0.607056725164
636,0.0412319124702
637,0.119360537749
638,0.174751840638
639,0.0308259459296
640,0.00258804062273
641,-0.0178513059946
642,-0.003716042305
643,-0.0298162745994
644,0.0644095808666
645,0.0435643822543
646,0.0481610948632
647,-0.000858284876097
648,0.806389214484
649,0.212233863734
650,-0.037116500807
651,0.174992824898
652,0.109077048161
653,0.0531334827638
654,-0.0219553322807
655,-0.0175393955428
656,0.155204419072
657,0.0820487710997
658,-0.0182509702287
659,0.813935096736
660,-0.0830510092927
661,0.0548088523492
662,0.820839099375
663,-0.0624848779479
664,0.0165352816087
665,0.0952834433903
666,1.17494776763
667,-0.0639877638105
668,0.0569756448619
669,0.0920522623042
670,0.119357640979
671,0.0606161708965
672,-0.0257684897982
673,0.010003676105
674,1.07986797832
675,0.0538645775004
676,-0.00429231399071
677,-0.0138080288173
678,-0.018911991884
679,0.783610796415
680,1.02141632728
681,0.05280488004
682,0.0258709263617
683,-0.0137176180303
684,0.00670195484091
685,0.0194195898753
686,0.0813729587265
687,-0.00370120347787
688,1.15961746416
689,0.0198992473972
690,0.00988906174063
691,-0.0156664380778
692,0.844897829252
693,0.00740351841465
694,0.645247872751
695,0.0770303215626
696,0.00409615868064
697,-0.0314658536438
698,0.0955951564569
699,-0.0483647364904
700,1.13216293178
701,0.0371408985534
702,0.125601462836
703,0.0276454452262
704,0.759384176661
705,0.0083438860314
706,0.0580626191806
707,0.0406446376443
708,0.764363973215
709,0.0216926929488
710,0.0415617835954
711,0.0743486111311
712,0.0281860034888
713,-0.022735475793
714,0.00255573886306
715,0.0125922673692
716,0.0222473550876
717,0.0313262592125
718,0.00199971508679
719,-0.00675569495197
720,-0.0101133116703
721,-0.00973794648455
722,-0.0165720877482
723,-0.0163403414997
724,0.122955781765
725,0.0394236085343
726,0.037476138731
727,-0.0714765615753
728,0.0158074030928
729,-0.00322524567964
730,0.000420385117036
731,0.053600733659
732,-0.0148577933506
733,0.0366724085601
734,-0.0165720877482
735,-0.00913628043836
736,0.461605917025
737,-0.0109582980374
738,0.039731103851
739,1.14850841677
740,1.33727647415
741,-0.0135439064983
742,-0.022523290672
743,0.0247101661087
744,0.00646216088346
745,-0.0401725073407
746,0.0635236141801
747,0.0523510279337
748,0.0750149797333
749,0.0195273930984
750,0.144668305414
751,0.140565266719
752,0.00434792425423
753,0.0289225849366
754,0.0893373360285
755,-0.130031219546
756,0.00322423632773
757,-0.0186214041826
758,-0.00359787228327
759,-0.00726604182576
760,0.0550233768532
761,0.0176061787068
762,0.978787305905
763,1.04507581329
764,-0.0127011438887
765,0.0837553961664
766,0.0463873611713
767,-0.0201085467378
768,0.0243305683143
769,-0.0391560148512
770,0.0369274191821
771,0.0866334953887
772,0.112221993106
773,0.0713236677633
774,0.0228992335826
775,0.068972320147
776,-0.0628509096701
777,0.0458740795979
778,-0.0449112897635
779,-0.022843373604
780,0.414570749091
781,0.0245752959244
782,-0.0128758004955
783,-0.00380149581503
784,0.710439025748
785,0.136956001198
786,-0.0699902555241
787,0.00434792425423
788,1.05387521708
789,0.0321023229112
790,0.00389207683977
791,0.099921775485
792,0.0454926683092
793,-0.00100581850653
794,-0.00807598883902
795,0.00420363056713
796,1.0814880213
797,-0.0354080153835
798,-0.00754936294727
799,0.0410524693394
800,0.033050029891
801,0.184950425285
802,0.00918419424948
803,-0.0366308402704
804,-0.0285898538302
805,0.762183638447
806,0.0739957595852
807,-0.0678453154784
808,-0.0240440579871
809,-0.0231225838739
810,-0.0722921394075
811,0.117861078895
812,-0.0271927970724
813,0.0394794906304
814,-0.014373436651
815,-0.0209046511312
816,0.10897846139
817,0.044292341511
818,-0.0202319601281
819,-0.0122428850413
820,-0.0081224131696
821,0.0324760250482
822,-0.0174226167422
823,0.0701454759619
824,0.0459870389442
825,0.981302350312
826,0.908501955637
827,0.0793870814048
828,0.0129276671391
829,0.798526799487
830,-0.0116730138871
831,-0.0163645087831
832,0.884731792341
833,0.0762091875505
834,0.0226462212581
835,-0.00792808031024
836,0.00705947288217
837,0.0313492108704
838,-0.0382976814026
839,0.0400273638164
840,-0.0151046160856
841,-0.0462213995181
842,-0.0353397489651
843,0.00203254652572
844,0.0668027105418
845,0.0854042637496
846,0.16037852303
847,-0.00398508219698
848,0.0446624579556
849,-0.000941090899713
850,0.0167074329967
851,-0.0872859070258
852,0.0172484544806
853,0.00143218417407
854,0.224717277067
855,-0.0687462492568
856,0.121635749336
857,0.919562540484
858,0.00706050169541
859,-0.0194830212714
860,0.237753559396
861,0.0213707156421
862,0.0650497938268
863,-0.00567915797063
864,0.0153850508928
865,0.0393624082106
866,-0.0348677788018
867,-0.000703104110722
868,1.2985674514
869,0.063440443597
870,0.0336020079932
871,0.0864593126942
872,-0.0240591670139
873,-0.0151361975109
874,-0.040361920963
875,0.0248198472598
876,0.0254668714964
877,-0.0642020410972
878,0.0247233311593
879,-0.0527341555626
880,-0.0314400352934
881,0.676357998748
882,0.0292704137675
883,0.00132129671207
884,0.0144009466386
885,0.0505061782525
886,-0.0719183694971
887,0.12836770563
888,0.00434792425423
889,1.07432678635
890,0.108126230965
891,-0.0179351412983
892,0.0617685020752
893,-0.0177915249053
894,0.30381917876
895,0.0487657967964
896,0.0694459171491
897,0.117387462686
898,-0.00503437512962
899,0.0203594459699
900,0.028148218602
901,0.00289200402795
902,-0.0366878169029
903,-0.0370850518897
904,0.040267555514
905,0.00788516816972
906,0.0357493711148
907,-0.0177132823299
908,1.09590200531
909,0.0912212363907
910,0.0580978167549
911,0.0559747857501
912,-0.0587011967387
913,0.00836396380682
914,0.00718954897352
915,-0.0759279018397
916,0.300172408111
917,0.0828410425986
918,-0.0187690450061
919,0.058656687697
920,0.0536236884868
921,0.0386374128061
922,-0.0236125578813
923,0.0256013882895
924,0.0508573238094
925,0.0207660520083
926,-0.0144182860803
927,0.010409139492
928,0.0578574463223
929,0.256603964401
930,0.3251574687
931,0.165840169223
932,1.0452370225
933,1.00845725763
934,0.0720515573048
935,0.0203981617481
936,-0.0038986260136
937,-0.019425025942
938,0.116871499015
939,0.0108395821367
940,0.0358769200316
941,1.26598575374
942,0.0322079505968
943,0.450369323343
944,0.00702144269222
945,0.0197806109585
946,0.0644223830172
947,0.870952943322
948,0.021640943604
949,-0.0123662095245
950,0.00603532406842
951,0.00565892011163
952,0.0161977268818
953,0.021270825945
954,0.288099557668
955,0.0296098250314
956,-0.0136385573807
957,-0.0307125101558
958,-0.0150273810993
959,0.0117263743055
960,-0.00691350763709
961,-0.00726604182576
962,-0.00416562576772
963,0.0122887551488
964,0.500732258837
965,0.0396199366279
966,0.0458508058062
967,0.00613440277912
968,-0.0116968501227
969,0.50848218532
970,0.00780343472756
971,0.0393112283306
972,0.137522218924
973,0.0146441009095
974,-0.020837106186
975,-0.0126786798214
976,0.559816085062
977,0.0490868881106
978,0.0149776126879
979,0.0694669667056
980,-0.00188720598656
981,-0.0158789188786
982,0.000767203801349
983,0.0440149659717
984,0.0264835066135
985,-0.0125323090905
986,-0.00892689575973
987,0.0434773680016
988,0.00313197071196
989,0.0702331170442
990,0.601113773546
991,-0.0526817298841
992,0.0215705050873
993,-0.00308494062309
994,0.0178999094359
995,-0.0100172554321
996,-0.0027707347286
997,0.091691689571
998,-0.0810206382372
999,0.374347695771
1000,0.0393776138448
1001,0.0126635908686
1002,0.0550146459045
1003,1.11962083097
1004,0.00276211538656
1005,0.0705744066854
1006,0.290583804997
1007,0.0508277542751
1008,0.254104338981
1009,-0.0513658610538
1010,-0.030354642587
1011,0.0349199027541
1012,0.75848844194
1013,0.0101891705151
1014,0.500757749366
1015,0.0137759688664
1016,-0.0405997051444
1017,-0.0137938376618
1018,-0.00356000106832
1019,-0.00109826234579
1020,0.479266448401
1021,-0.00719973963309
1022,0.00709482025577
1023,-0.028889436052
1024,0.00370295286895
1025,-0.0201450652458
1026,0.582996054247
1027,0.0359435408153
1028,0.44080976837
1029,0.0904855461005
1030,0.0136308449507
1031,-0.0364323498987
1032,0.0140140201843
1033,-0.00906880311172
1034,0.288362830314
1035,-0.038783197975
1036,0.0617375426997
1037,-0.0510686216072
1038,0.137430427986
1039,0.010016629092
1040,1.07452591797
1041,0.0846483132916
1042,-0.00561455123355
1043,0.0560047992106
1044,0.0073811303096
1045,0.114589474771
1046,-0.0734803937489
1047,0.0962922341281
1048,0.947958865229
1049,-0.0685584631287
1050,0.0265729276159
1051,0.902264056939
1052,0.0359437728353
1053,0.00522236859883
1054,0.875105295436
1055,-0.0925129284541
1056,-0.131764096692
1057,0.0293404817243
1058,0.0878593215351
1059,1.09994925629
1060,-0.000183050273787
1061,0.0494186211296
1062,0.0164088688218
1063,0.0957542382881
1064,0.202568807149
1065,0.0119782013958
1066,0.018806843626
1067,0.170541521825
1068,-0.0142585298241
1069,0.0422728436719
1070,0.865278170043
1071,0.0395260942998
1072,0.0511440072615
1073,0.0118406687032
1074,0.0857428371543
1075,-0.0151966420209
1076,-0.0376694319337
1077,-0.0124190253067
1078,0.52782013193
1079,0.0185312823975
1080,0.000656819442676
1081,0.0484173793797
1082,-0.0115687237899
1083,0.799813616796
1084,0.00711102885318
1085,0.0460332289026
1086,-0.000444329453132
1087,0.0786862714822
1088,-0.0393790133856
1089,-0.134544453156
1090,-0.0025476406525
1091,0.550903423024
1092,0.180325706539
1093,0.0112531695499
1094,0.0143833239973
1095,0.0428620907141
1096,-0.0133918639996
1097,0.0122995131643
1098,0.125204571498
1099,0.000350067974593
1100,-0.0255232895874
1101,0.69304910433
1102,-0.017581018157
1103,0.890015098596
1104,0.0227082349013
1105,-0.00829674290135
1106,-0.0417705268039
1107,0.0987373897772
1108,0.0569603175599
1109,0.945470431315
1110,0.0305442427157
1111,-0.00247728269375
1112,0.0806592704295
1113,0.0218352090732
1114,0.0508244650892
1115,-0.0371599052767
1116,0.0135438553824
1117,-0.000852787698603
1118,0.0130959996526
1119,-0.0253470671407
1120,0.330356255845
1121,-0.00569413169096
1122,0.0411110652473
1123,1.06594762923
1124,-0.0203442786502
1125,0.0414335125529
1126,0.018716900834
1127,-0.0310366050686
1128,0.0332994194822
1129,-0.0149971143144
1130,0.0459737925307
1131,0.94382657812
1132,-0.0176996384465
1133,-0.041700361216
1134,0.0941427790919
1135,0.0125434656008
1136,0.0429555288461
1137,0.0740577461514
1138,-0.00139149949956
1139,-0.0496941635982
1140,-0.00840873045267
1141,0.0135516888588
1142,0.0169442529409
1143,0.128402726131
1144,-0.00794869270108
1145,1.30840500159
1146,0.0336605450347
1147,0.0548342007328
1148,0.142802476531
1149,0.970023370939
1150,0.607490231817
1151,0.131139683991
1152,1.01440594134
1153,0.0234948717437
1154,-0.0241636169812
1155,-0.0217258543825
1156,0.034318631815
1157,0.0428859765706
1158,-0.0289642128712
1159,-0.012164219936
1160,0.0047663236319
1161,1.08773054295
1162,-0.0398786516784
1163,0.0600532609401
1164,-0.0268404655567
1165,-0.029950425823
1166,0.195945232074
1167,0.0408287475518
1168,0.11162525968
1169,-0.0163879452473
1170,-0.0368229199147
1171,0.0816760118862
1172,0.229778611251
1173,0.0189448762756
1174,-0.00359484305841
1175,1.02471913929
1176,0.0328460717865
1177,-0.0427824147629
1178,0.0737420874809
1179,1.00943183576
1180,0.0459870389442
1181,-0.0218553588785
1182,0.0636330658828
1183,0.106233662732
1184,0.00434792425423
1185,0.0217583328156
1186,-0.0126731628207
1187,0.0295068495465
1188,0.0396925848152
1189,0.113130766631
1190,0.0337885968237
1191,0.0173432149491
1192,0.0449702811282
1193,0.0681084207524
1194,-0.0438619571246
1195,0.055631534471
1196,-0.090246875797
1197,0.0818347407675
1198,-2.95194872659e-05
1199,0.0175724343526
1200,0.085810490049
1201,0.0591947789237
1202,0.504038708995
1203,0.946982087637
1204,0.0277541671403
1205,0.0121355010946
1206,-0.0187834599885
1207,0.698528915144
1208,0.107103182272
1209,0.046651010681
1210,1.34626262654
1211,0.127530841409
1212,0.00124053284934
1213,0.0623236522545
1214,-0.0215442108431
1215,0.0982363289279
1216,0.986679755698
1217,-0.00334359564128
1218,1.04356742228
1219,-0.00776912974284
1220,0.00484051696187
1221,0.0339707411889
1222,0.0163809249045
1223,0.054439853767
1224,0.0499286033729
1225,0.870952943322
1226,-0.0348063498089
1227,-0.0198615305296
1228,0.556809489939
1229,0.0378532530068
1230,0.012750509777
1231,-0.00719973963309
1232,0.00441439454358
1233,0.0353683812235
1234,0.00381532943299
1235,0.0331986064752
1236,0.0242484806531
1237,0.0253815040286
1238,0.0285629651256
1239,-0.0464010552049
1240,1.00676426925
1241,0.0840539000676
1242,-0.0120358760193
1243,-0.0207623295026
1244,1.17274931854
1245,0.0593602324517
1246,0.105440964965
1247,-0.0282541817849
1248,0.00591074280021
1249,0.0239555670514
1250,0.291663868624
1251,-0.0242042399702
1252,0.023297827502
1253,-0.0187840637729
1254,0.0510220619098
1255,-0.0494879446744
1256,0.0133345714598
1257,0.0353180993593
1258,0.0205928025003
1259,0.0440993377097
1260,0.00434792425423
1261,0.441548622251
1262,0.0218521209071
1263,0.0850967019869
1264,-0.0713888452398
1265,0.0278273145242
1266,0.0432822931535
1267,-0.0268621547917
1268,-0.0393047780498
1269,-0.0372306211437
1270,0.0774529657656
1271,0.027073088071
1272,-0.0205905553756
1273,1.11631322277
1274,-0.035647611292
1275,-0.00945775558611
1276,0.145624746624
1277,0.0350352462039
1278,0.0487409744744
1279,0.807851029031
1280,0.585935678733
1281,0.0553433690368
1282,0.00861426496869
1283,-0.014595096988
1284,0.00313951284502
1285,0.0485157925815
1286,0.0287335650425
1287,-0.00167590600527
1288,0.000471146956166
1289,0.074626045736
1290,-0.00823682427604
1291,-0.000855484260402
1292,-0.053826890409
1293,-0.00136929137983
1294,-0.0516698280022
1295,0.474074051778
1296,1.10353561547
1297,0.981925756197
1298,0.052021467143
1299,0.026200224618
1300,-0.0206919773389
1301,-0.00243085974455
1302,0.0366724085601
1303,0.84941902718
1304,-0.010724851063
1305,0.317177708058
1306,-0.0114021060904
1307,0.058143122732
1308,-0.0675531373058
1309,-0.000484983568721
1310,-0.040233945892
1311,-0.0156055735895
1312,0.0517515879456
1313,0.102515420962
1314,-0.000147565892058
1315,0.0380763196595
1316,0.0130416667619
1317,0.00760371770771
1318,0.0142620802624
1319,0.0100019019638
1320,-0.00823682427604
1321,0.864803007025
1322,0.122382997818
1323,1.28288014165
1324,-0.0442091367287
1325,-0.00589331481703
1326,0.0302673038224
1327,0.0261980891637
1328,0.0278665764953
1329,0.0323056642878
1330,-0.00830405005431
1331,0.0202258758389
1332,0.0181955094215
1333,-0.102565962706
1334,1.25182547895
1335,0.000764578636932
1336,0.0217453783816
1337,0.027866422346
1338,-0.00715919181792
1339,0.174518192177
1340,0.209424307172
1341,0.0240330712129
1342,-0.0453590062909
1343,0.99746770652
1344,0.033961751255
1345,0.0396692797986
1346,0.00064381986644
1347,0.00760568229436
1348,-1.19360385933e-05
1349,-0.063678884343
1350,-0.00683025575305
1351,0.055465145187
1352,0.937059539216
1353,0.877613309334
1354,0.0303197606922
1355,0.491907564102
1356,-0.00319704025018
1357,-0.00812960413367
1358,0.00434792425423
1359,0.057783514559
1360,-0.037116500807
1361,-0.00329992752082
1362,0.548660664188
1363,1.12982474039
1364,-0.00476782094207
1365,0.0115031927257
1366,0.171192371657
1367,0.0103914049842
1368,0.0172706262855
1369,-0.0453296055566
1370,0.0102643060639
1371,0.0256990172348
1372,-0.0115120701765
1373,0.0156475121504
1374,1.0777371985
1375,0.0368161132681
1376,0.0381165273597
1377,-0.029499576949
1378,-0.00877660517225
1379,0.0227661435492
1380,-0.00460884228371
1381,0.0468003687433
1382,0.0126825003991
1383,0.668413865051
1384,-0.0116462201141
1385,-0.00337941471196
1386,0.0102314562068
1387,0.0126444352423
1388,0.0318309323635
1389,-0.0269591496738
1390,0.572759873633
1391,-0.0210578592309
1392,-0.0023941316131
1393,0.0857684261554
1394,0.0440651753279
1395,-0.0405175170146
1396,0.0298557845971
1397,-0.0408435815743
1398,-0.0211659683595
1399,0.109083745285
1400,-0.0092454475896
1401,0.0216141826954
1402,-0.0145958734277
1403,1.00296771891
1404,0.0369418580583
1405,0.0676732572911
1406,-0.00866486613457
1407,0.845771766973
1408,-0.0535044424725
1409,0.0116426848287
1410,-0.0947073434958
1411,0.533134365419
1412,0.0188285883883
1413,-0.00812944930281
1414,-0.0331597729939
1415,0.0173347084138
1416,0.00863424915094
1417,-0.00412320829649
1418,0.0248365270915
1419,0.0706630548069
1420,0.00434792425423
1421,0.113090393261
1422,0.0410524693394
1423,-0.0274254616124
1424,0.0304652482599
1425,0.0451487025013
1426,0.0480494901208
1427,0.0243974047617
1428,0.119444086574
1429,0.0284566446259
1430,0.213736582337
1431,0.0890298106012
1432,0.04592966622
1433,0.0572448131728
1434,0.037757654368
1435,-0.0375474619595
1436,0.0163874476764
1437,-0.025526622042
1438,0.0249399523141
1439,0.479266448401
1440,0.0393776138448
1441,0.0658344787099
1442,0.119400919
1443,0.00278421242873
1444,0.0974147602377
1445,0.741248766792
1446,-0.0260387047338
1447,-0.0514086430114
1448,0.151237243664
1449,0.0817362997717
1450,0.0185452072039
1451,-0.00257726879579
1452,0.13831235286
1453,0.940468176269
1454,0.00905592729419
1455,0.0544571327078
1456,0.00597534674445
1457,0.811147957776
1458,0.0279879093232
1459,-0.0467659634312
1460,-0.0137476827042
1461,0.00750885383176
1462,-0.0141182856672
1463,0.219369201912
1464,-0.0164804431577
1465,-0.00986802623743
1466,0.0432109521745
1467,0.0757203149535
1468,-0.0408142268266
1469,-0.0348030134475
1470,1.33129358622
1471,0.00728453375908
1472,0.019947282356
1473,-0.0156180110489
1474,0.154199818597
1475,-0.0509851055246
1476,-0.0334405514399
1477,0.0436750595367
1478,-0.0458037093689
1479,0.0822424802541
1480,0.0511967798941
1481,0.0384103257456
1482,0.0306115263516
1483,-0.0301118414598
1484,0.0236488336247
1485,0.0296834440934
1486,0.108460594169
1487,0.0680555611473
1488,0.746061167972
1489,0.0757634965664
1490,0.0681685265309
1491,1.03374403871
1492,0.0974284249628
1493,0.0935395809068
1494,0.105165714745
1495,0.0518859120924
1496,-0.00614659075216
1497,0.133726780354
1498,-0.0559909962272
1499,-0.0170715854304
1500,0.0366122013865
1501,0.000851990308004
1502,-0.0283084017194
1503,0.0525388943252
1504,0.00806654582933
1505,-0.0254594908956
1506,1.10267912884
1507,0.0245445671824
1508,0.0481340763794
1509,0.0163362447102
1510,-0.0751324560497
1511,-0.0377081021436
1512,0.00703541417803
1513,0.0379456085992
1514,0.0957749991285
1515,-0.0121885846844
1516,0.0972673142272
1517,-0.00716038225083
1518,0.0731419593018
1519,0.153735469802
1520,1.07191724848
1521,0.0306933981501
1522,0.0192042749912
1523,-0.0139444016388
1524,-0.00100421314655
1525,-0.00455750381048
1526,1.08087750105
1527,0.94382657812
1528,0.0499938266471
1529,1.11015968338
1530,0.0145604619149
1531,-0.0302022546618
1532,-0.0233978520053
1533,1.09470231852
1534,-0.0204510643818
1535,0.0132988945112
1536,-0.0155964309308
1537,0.0415559211511
1538,0.0300621766132
1539,0.0497190697307
1540,-0.00985721078601
1541,0.0239091047154
1542,0.160255746599
1543,0.0104117107444
1544,0.885680458415
1545,0.175927623232
1546,0.0735600114255
1547,0.00122930948162
1548,-0.0419067339595
1549,0.45708074368
1550,0.015751494453
1551,0.195411673914
1552,-0.073183608753
1553,0.0262288742163
1554,0.0230300781388
1555,-0.0408756917689
1556,0.173952442889
1557,-0.0322310099275
1558,0.753291573385
1559,0.00689526473989
1560,0.0222311558942
1561,0.0335035865123
1562,0.25992134173
1563,0.064438947913
1564,-0.00631475782502
1565,0.0954702688911
1566,0.0939518612364
1567,-0.00416835263817
1568,-0.0117630635703
1569,0.0084283837406
1570,-0.0113680412739
1571,-0.0151913665709
1572,0.0313220168127
1573,0.0174085218919
1574,0.00351191300862
1575,-0.0205695877555
1576,-0.0317173185892
1577,1.04854287719
1578,0.0214848375381
1579,-0.0483402691485
1580,-0.000704122568207
1581,1.1863901819
1582,0.149984944836
1583,0.0703732730195
1584,1.13474008116
1585,-0.00310049629592
1586,0.0206133105784
1587,-0.00203052324527
1588,0.0659956175146
1589,-0.0133795541062
1590,0.104004616453
1591,0.546385722313
1592,0.0329112248696
1593,-0.0205479133411
1594,0.042196690209
1595,0.149914393398
1596,0.028463980908
1597,0.0100593813423
1598,0.0103133752917
1599,-0.00761836098078
1600,-0.0122612215407
1601,0.0771451959071
1602,-0.0216493918884
1603,-0.203759624645
1604,-0.00823682427604
1605,0.0442908384303
1606,0.0575296014036
1607,0.169215720839
1608,-0.00468810859512
1609,-0.0289830559161
1610,-0.0538684060802
1611,0.0246652161928
1612,-0.0180116686347
1613,0.0756694121257
1614,0.0720730446388
1615,0.0415114566581
1616,0.0269259699888
1617,0.627797401558
1618,0.0619938867444
1619,0.0470619150435
1620,0.0633338597119
1621,-0.00787603809813
1622,-0.0349327901281
1623,0.00434792425423
1624,0.211412329676
1625,0.0041527083369
1626,0.02619731165
1627,0.00645413032588
1628,0.222553481956
1629,0.0491361971038
1630,0.0254411861488
1631,-0.0177202495531
1632,-0.0127361322567
1633,0.058439806918
1634,0.00188028301143
1635,0.00296139420396
1636,0.0420739234616
1637,-0.00135304598526
1638,0.0783862192168
1639,0.145833208258
1640,0.3591774836
1641,0.374686470799
1642,0.0334619907986
1643,0.890015098596
1644,0.0064397164208
1645,0.0749137946225
1646,0.288362830314
1647,0.0234848055794
1648,0.0287964174618
1649,0.0699181312084
1650,0.935818982389
1651,0.0214271541324
1652,0.0223658168448
1653,-0.00698198724074
1654,0.214641619008
1655,0.00878637772578
1656,-0.00520549480766
1657,0.0163010038899
1658,-0.0403969583278
1659,0.020757163979
1660,0.0537881879806
1661,0.00623398044765
1662,0.0245482264704
1663,0.0314587805828
1664,0.0343516140072
1665,0.0625593910822
1666,-0.0512230294042
1667,0.117874327679
1668,0.0323507102083
1669,0.383533565317
1670,0.012738423721
1671,0.0103191016712
1672,0.0445598601302
1673,0.118274314533
1674,1.0837500327
1675,-0.0377763826849
1676,-0.0114422399345
1677,-0.0166024570084
1678,-0.00199231686111
1679,0.732600142326
1680,0.0343637422539
1681,0.129866801207
1682,0.0374519458281
1683,0.0123521733536
1684,0.208758011339
1685,0.154838607985
1686,1.15364004664
1687,0.111937065166
1688,0.0126707663665
1689,-0.0367310989681
1690,0.0105287703907
1691,0.769360012397
1692,0.0377126977506
1693,-0.0160132539185
1694,0.0581033119904
1695,0.0514103070944
1696,-0.0202300390459
1697,-0.0152286030531
1698,0.147517028191
1699,0.536276431003
1700,0.0338630647212
1701,0.0736637164636
1702,0.0810868700627
1703,0.0518408082975
1704,0.0812236784398
1705,0.00840360697902
1706,0.113286541492
1707,-0.0233629303197
1708,-0.00414609595129
1709,-0.00730081633353
1710,-0.0545439577284
1711,-0.0420053280341
1712,0.88149013138
1713,0.00434792425423
1714,0.0289694441487
1715,1.14663992375
1716,0.0555510507903
1717,0.481611805276
1718,0.0242144082452
1719,0.0578441578923
1720,0.0424143844813
1721,0.125886748998
1722,0.0451121171419
1723,0.130263670455
1724,0.115323074127
1725,0.828437628225
1726,0.0625820052331
1727,0.0663683232638
1728,0.00869007393765
1729,-0.0661995088145
1730,0.0113782423719
1731,-0.00623094349918
1732,0.0176890439937
1733,0.795466674226
1734,1.14434200995
1735,0.455259060653
1736,0.0195599780787
1737,-0.0233844501774
1738,1.07452591797
1739,0.427903933436
1740,0.0169722010459
1741,0.93730036145
1742,0.00425035969944
1743,0.0325105463152
1744,0.183723720385
1745,-0.00443943192818
1746,-0.0223648658618
1747,0.937621785827
1748,-0.00726604182576
1749,0.728184583818
1750,-0.0112564597408
1751,-0.0262449428557
1752,0.0316930019366
1753,0.00149941845026
1754,-0.00530771055278
1755,0.00434792425423
1756,0.0506125678271
1757,0.0632899507018
1758,0.103029228219
1759,0.107824280537
1760,0.0659734911288
1761,0.0135967746516
1762,-0.033622362514
1763,-0.0145239811568
1764,0.0197519608163
1765,0.0605774991489
1766,0.198509383037
1767,0.0373531707361
1768,-0.0480188037116
1769,-0.0201157893486
1770,0.0490641062411
1771,0.0111076230188
1772,0.0587496896641
1773,-0.00775812218505
1774,-0.0463885993202
1775,0.0229552506749
1776,0.107328518265
1777,0.0687075697285
1778,-0.0206701578304
1779,1.07236193733
1780,0.015664817681
1781,1.11196292032
1782,0.992821191613
1783,-0.0355144500399
1784,0.00990358635083
1785,0.651661920751
1786,0.0552493717527
1787,0.041229168087
1788,-0.0191427592449
1789,0.0632323983268
1790,0.00351191300862
1791,0.0189899172143
1792,0.0667794545287
1793,0.25992134173
1794,0.0562214542085
1795,0.0361054188862
1796,-0.0282258204455
1797,0.0515740886425
1798,0.00641224010252
1799,0.0612085069523
1800,-0.0213094620899
1801,0.0423361893198
1802,0.0312296292944
1803,-0.00575192600029
1804,0.0356370334589
1805,0.955227258794
1806,-0.105392583707
1807,0.00349152335532
1808,-0.0316542636228
1809,-0.0418550707854
1810,0.00363097672703
1811,-0.0353122309675
1812,-0.022787873505
1813,1.05598472754
1814,-0.0238250521166
1815,-0.0169432741866
1816,0.162225951074
1817,-0.0327704992302
1818,0.00993412207032
1819,0.0591237262972
1820,0.035906863905
1821,0.0375944751742
1822,-0.0140143264059
1823,-0.050440257695
1824,0.0248199205089
1825,0.16037852303
1826,0.00069781256886
1827,1.31246040314
1828,0.0532958945993
1829,-0.0190083340569
1830,0.129303665669
1831,0.0156714770632
1832,0.135045775103
1833,-0.000416169282797
1834,0.0106534625844
1835,0.0089993449082
1836,1.11653104159
1837,0.0764228496089
1838,-0.0227091642877
1839,0.0339194875396
1840,0.0513953227528
1841,0.034832081682
1842,-0.00488005536906
1843,1.00153742056
1844,1.07203029052
1845,0.0792345512417
1846,0.13805421175
1847,0.0836556077217
1848,-0.0314792007486
1849,0.0154816754889
1850,0.0734723788484
1851,0.17543936692
1852,-0.0448092840753
1853,-0.026332867449
1854,0.0173119149076
1855,1.01318450975
1856,0.0606707963963
1857,-0.00815180228784
1858,0.0104317429291
1859,0.173094571758
1860,0.0726706907727
1861,0.0289694441487
1862,0.00846514421377
1863,1.09075316535
1864,0.0197976919031
1865,0.00799430903438
1866,-0.0102026857669
1867,0.00434792425423
1868,0.0164925807328
1869,0.0338650314006
1870,-0.0913982011673
1871,0.00671630350379
1872,0.0166406338653
1873,0.0319225922247
1874,0.00064897646325
1875,0.59447471096
1876,0.0754735580027
1877,0.049603351961
1878,0.0579944958782
1879,0.753793031035
1880,0.978787305905
1881,0.0225447512538
1882,0.0259007206411
1883,-0.0299953875684
1884,0.0200038882236
1885,0.0283357214598
1886,-0.0325053084901
1887,0.0563251902108
1888,0.0780998290206
1889,-0.0316883219269
1890,0.0210289527036
1891,-0.00070459029144
1892,0.0196456002154
1893,0.0253105152959
1894,0.0106570565722
1895,0.0844029617893
1896,-0.00617310064166
1897,0.013942594542
1898,-0.023849325248
1899,-0.0214907256899
1900,0.0295541810307
1901,-0.0955164577788
1902,-0.00753839746007
1903,0.0175711152792
1904,0.000438381611796
1905,0.00601132300307
1906,-0.0204088552318
1907,-0.0187469108942
1908,0.167285268193
1909,-0.0201720579074
1910,0.0464636509797
1911,-0.0149628406362
1912,0.0766703928308
1913,0.078384873868
1914,0.038407969215
1915,0.0310147830096
1916,0.0459486808782
1917,0.983752151152
1918,0.86418078206
1919,-0.0354020727429
1920,0.0432048476068
1921,0.0208788022263
1922,0.0560973084007
1923,0.022546939146
1924,0.0210219944123
1925,-0.00733719438862
1926,0.0364909536751
1927,0.0105294578499
1928,-0.0735946256065
1929,0.585935678733
1930,0.0448199293302
1931,-0.0961239945281
1932,0.0659784417719
1933,0.0710829952605
1934,-0.0363075555482
1935,0.00709407370821
1936,0.0229498011824
1937,0.0894686015821
1938,-0.0120971757499
1939,0.0198307263258
1940,0.0102761209864
1941,0.136400306476
1942,-0.00401954524647
1943,0.718295143492
1944,-0.000312399682135
1945,-0.00705039648979
1946,0.0602830980768
1947,0.0829902459877
1948,0.970768356654
1949,0.850176541529
1950,-0.0208322569799
1951,-0.0260519446185
1952,0.00703541417803
1953,0.0610218888325
1954,1.06219150521
1955,0.500757749366
1956,0.000686674294592
1957,0.0417190530446
1958,0.0984709359412
1959,0.84552821486
1960,-0.0325053084901
1961,-0.0180233937271
1962,-0.0516889157764
1963,-0.0425703450956
1964,-0.0138631096183
1965,0.0257437465683
1966,0.0785344031803
1967,0.0183059401017
1968,-0.0215028165417
1969,0.869329484411
1970,0.0199410254678
1971,-0.0200812208295
1972,0.00887223292365
1973,0.0196130070599
1974,0.013690874233
1975,-0.0326838502167
1976,0.0411876599261
1977,0.0134739737034
1978,0.846107768849
1979,-0.00726583616676
1980,0.565184873672
1981,1.54538274131
1982,0.0712358606386
1983,-0.0222125408999
1984,0.0451487025013
1985,-0.0051421879345
1986,-0.0147882459597
1987,0.139936551517
1988,0.0716197629663
1989,0.935818982389
1990,0.0923380492035
1991,0.0476374992795
1992,-0.0127365490556
1993,0.0687075697285
1994,-0.0270935034196
1995,0.0139874481033
1996,-0.03818381079
1997,0.825367718622
1998,0.0971982943404
1999,0.0369418580583
2000,0.0672659782583
2001,-0.0130415987012
2002,0.0589640385792
2003,0.0408971195076
2004,-0.0482226863
2005,0.0199410254678
2006,-0.0103403161901
2007,-0.0199531902765
2008,0.0572319574202
2009,0.0161140313432
2010,0.132910046116
2011,0.0130360503746
2012,0.015151063063
2013,1.10191027309
2014,0.0533483670833
2015,-0.0510058881419
2016,0.0225329172606
2017,0.0175998035636
2018,-0.0163563206995
2019,0.0794590722239
2020,-0.00760068587107
2021,0.637555033966
2022,0.229066238375
2023,0.00827938687119
2024,1.33099277643
2025,0.0128428240232
2026,-0.011698818595
2027,0.0270592620077
2028,-0.0169793781493
2029,-0.0245730904765
2030,-0.000857312569083
2031,-0.000559926361381
2032,0.057717090445
2033,0.00135454273348
2034,0.038198013973
2035,-0.018125025406
2036,0.112416269671
2037,0.0488891940482
2038,-0.0507392890697
2039,0.00218439629953
2040,-0.00761258736119
2041,0.0732460134481
2042,0.0256572266249
2043,0.0358523887599
2044,0.859292485749
2045,0.38026060389
2046,-0.0573482663452
2047,0.0445336943063
2048,-0.0186461048269
2049,-0.0135813809679
2050,0.0567885759314
2051,0.995092749121
2052,-0.0425860234834
2053,0.0254562465357
2054,0.0548136700285
2055,-0.0592897255177
2056,-0.0358362752967
2057,0.555637208826
2058,0.0593616756595
2059,0.115036701836
2060,-0.0151360970574
2061,0.00920440232181
2062,-0.00071843614946
2063,0.128649275837
2064,0.0988989215131
2065,0.195088678329
2066,0.0230767978576
2067,0.0023150281128
2068,-0.0659041627723
2069,1.1003101233
2070,-0.037290615179
2071,0.777379007072
2072,5.49566512877e-05
2073,-0.0548390678092
2074,-0.0165110375679
2075,0.0947748864352
2076,0.419246718754
2077,0.0223607040388
2078,0.0146654246559
2079,0.0254697930937
2080,-0.00919120272928
2081,0.00703202770214
2082,-0.039906113118
2083,0.00999310533749
2084,0.00471301318745
2085,-0.0115233397742
2086,-0.0391495842028
2087,-0.00506362130514
2088,0.0102746003606
2089,0.188444186098
2090,0.0162705904768
2091,0.138103485611
2092,0.0505901729167
2093,0.0665758388406
2094,-0.00554941038235
2095,0.0271167011877
2096,0.0714196524165
2097,0.0117190275333
2098,0.107918250621
2099,0.195411673914
2100,-0.0489261554604
2101,0.963542473053
2102,0.0311012105749
2103,-0.134544453156
2104,0.060024210943
2105,0.0412461644624
2106,0.0313899932583
2107,-0.0768678388654
2108,-0.011096264422
2109,0.0253778468848
2110,0.271023813878
2111,1.26771119128
2112,-0.0399557430543
2113,-8.35761948415e-05
2114,0.976764247958
2115,-0.0105075963658
2116,0.0610109924283
2117,-0.0652213262714
2118,0.00970680975732
2119,0.0313173653636
2120,0.149667568122
2121,-0.029637096919
2122,-0.0195779539668
2123,0.865562329456
2124,0.00996456980991
2125,0.110900731808
2126,1.1323471402
2127,0.00181815637576
2128,-0.0133457723754
2129,0.942375785328
2130,0.0132826651121
2131,0.0578574463223
2132,-0.00565994159305
2133,0.0587895295586
2134,-0.00108848146961
2135,0.0250303299275
2136,0.0224310644883
2137,0.0472287564725
2138,0.00250028787398
2139,-0.00919943937142
2140,0.0603097442638
2141,-0.00310674181348
2142,-1.86744105625e-05
2143,0.00751752193946
2144,1.06863628885
2145,-0.0244424213642
2146,0.178508595491
2147,0.0804543626587
2148,0.10085411082
2149,-0.00728141731463
2150,0.232631199825
2151,0.0204564921954
2152,0.282190637087
2153,0.112285959543
2154,0.017235223649
2155,0.0348160849139
2156,1.01890107348
2157,-0.203759624645
2158,0.0182689803303
2159,0.118870233367
2160,-0.0280914296227
2161,0.0236830475683
2162,0.270896386912
2163,0.641242586331
2164,0.0277736479789
2165,0.0635551344564
2166,0.0521248183525
2167,0.93730036145
2168,0.0771353921082
2169,-0.035920860588
2170,0.0305368199644
2171,0.0329118385477
2172,-0.0353654952845
2173,0.00245885150022
2174,0.125645450901
2175,0.0391434271121
2176,0.0869781910419
2177,1.26485154484
2178,0.0128462205167
2179,0.100223802516
2180,0.0109093856669
2181,-0.0314783836172
2182,0.174518192177
2183,0.0446095637316
2184,-0.0425082810953
2185,0.00879227413015
2186,0.0309022456808
2187,0.0283785287457
2188,0.0315891114861
2189,-0.0230826168602
2190,0.0864831754778
2191,-0.163055501484
2192,0.058529935885
2193,0.0521773670864
2194,0.300172408111
2195,0.142315179213
2196,0.0192925806475
2197,-0.0145778793428
2198,1.02738321339
2199,-0.00521556000867
2200,0.0471176173192
2201,0.0721548716552
2202,0.0181096346493
2203,0.0955311229785
2204,0.156125149132
2205,0.0766723404251
2206,0.789678590832
2207,0.0210997202534
2208,-0.0278773805515
2209,0.481822931877
2210,0.0231383141422
2211,0.0255569310696
2212,0.0788270948289
2213,-0.00825027078174
2214,0.100841821397
2215,0.868658351528
2216,-0.0130809295704
2217,0.732904269624
2218,1.05170897917
2219,-0.00880107924167
2220,0.214737280422
2221,-0.0317033795722
2222,0.0513165771283
2223,0.243651269348
2224,1.00749997801
2225,0.0392961342555
2226,-0.0221736987643
2227,0.0951033851496
2228,-0.01152255043
2229,0.0254288613384
2230,0.0325604365045
2231,-0.00985721078601
2232,0.151237243664
2233,0.0508589042462
2234,-0.0201976961085
2235,-0.0112910632328
2236,-0.0148431472182
2237,0.133404761044
2238,-0.0886101900451
2239,-0.00799101627853
2240,-0.0253017717385
2241,0.288362830314
2242,-0.0434245647115
2243,-0.126392675196
2244,0.0161912318917
2245,-0.0113456918174
2246,-0.0202440456484
2247,0.0414510513448
2248,0.0264635427639
2249,-0.00726604182576
2250,0.186403548258
2251,0.0546841541825
2252,-0.0063008573063
2253,0.00341508374088
2254,1.03661149916
2255,0.0632749850451
2256,0.052516012853
2257,0.00753205889381
2258,0.0889657082546
2259,0.0186371136235
2260,1.34591706949
2261,-0.0182054392558
2262,1.25819433683
2263,0.0178022728149
2264,0.0166395721972
2265,0.0286123954531
2266,0.0910222537349
2267,0.010088945869
2268,0.0440065394109
2269,-0.00615934751327
2270,0.00225277229193
2271,0.035197697645
2272,0.00606009721492
2273,0.00257683706057
2274,0.060070494728
2275,0.0104800903369
2276,-0.0144468877278
2277,0.0873365373239
2278,-0.0313126122342
2279,0.0299387570523
2280,-0.0716205829777
2281,-0.0214593297381
2282,0.0240551914964
2283,0.0691587527801
2284,-0.0383050864573
2285,1.2063281181
2286,-0.00960292090263
2287,0.676508362785
2288,0.747166843699
2289,-0.0232853129012
2290,0.0637219323917
2291,0.0347000427692
2292,0.974661924464
2293,-0.101954551364
2294,-0.0211722498262
2295,-0.0410145343804
2296,-0.0115622187765
2297,0.0103754572708
2298,-0.0630780182098
2299,0.0559192932725
2300,0.0041527083369
2301,1.10231501735
2302,0.0188476901246
2303,0.0654875208275
2304,0.102751281301
2305,0.0631597628089
2306,0.0202500192348
2307,0.00337090501785
2308,0.00380408562596
2309,0.0635768326703
2310,0.0140785218107
2311,0.00131722521059
2312,0.0510185516994
2313,0.0459870389442
2314,-0.0058460693975
2315,0.948789761816
2316,-0.061795692563
2317,-0.0199531902765
2318,-0.030316562184
2319,-0.0388856684398
2320,0.0138370296745
2321,1.04650907165
2322,0.00231790515058
2323,0.0647229152442
2324,-0.0211937473529
2325,-0.0278045371245
2326,-0.0156765353272
2327,-0.00622275243864
2328,-0.020446326965
2329,0.0514086229393
2330,-0.00781055822122
2331,-0.00648263614021
2332,0.0374923625225
2333,-0.00200026783144
2334,-0.0353579269395
2335,0.0336400772038
2336,-0.0225055812588
2337,-0.0308614329491
2338,0.00434792425423
2339,0.00434792425423
2340,-0.0511311226982
2341,-0.0069759197889
2342,-0.010863424319
2343,-0.0615868452361
2344,0.245378256667
2345,-0.0452215259259
2346,0.0299582878608
2347,0.0424989777146
2348,0.841264020673
2349,0.0145933380734
2350,-0.0161513496171
2351,0.107938752996
2352,0.0390693795977
2353,0.0140251646098
2354,0.0506803463046
2355,0.0164376475317
2356,0.134815618245
2357,-9.24320531013e-05
2358,1.14568242613
2359,-0.0215442108431
2360,0.0665922185654
2361,0.0205813519169
2362,0.0841909951899
2363,1.18344669213
2364,0.0455244719506
2365,0.0684436769477
2366,0.27727454797
2367,0.986203158435
2368,0.0349074478962
2369,0.050400322357
2370,0.00740351841465
2371,0.00458888695305
2372,-0.0215423583052
2373,0.0177884836294
2374,-0.0486403568093
2375,-0.0482870815457
2376,0.807851029031
2377,-0.0154802715024
2378,0.144382183156
2379,-0.0522019085562
2380,-0.062448418655
2381,0.0554808291276
2382,-0.083684567861
2383,0.026456733877
2384,0.0802822079734
2385,-0.015944372648
2386,-0.0386390371836
2387,0.282598759622
2388,-0.0219474088228
2389,-0.00986584412237
2390,0.0554901554988
2391,-0.0425198350682
2392,-0.0301696763421
2393,0.0138187377562
2394,-0.00962867818293
2395,0.257687932648
2396,0.89509666819
2397,0.0175412474623
2398,0.626740663437
2399,0.0336438038315
2400,0.229778611251
2401,0.025742893075
2402,1.06727629101
2403,0.0665725123975
2404,0.0275949963304
2405,0.00538565975673
2406,0.0507349399835
2407,-0.0828459898258
2408,0.00826481898963
2409,1.19532914722
2410,-0.056153364738
2411,0.16185003315
2412,1.12149276821
2413,-0.0394304854793
2414,-0.0135439064983
2415,0.951629694638
2416,0.00297277209215
2417,-0.00401544730268
2418,-0.00169861323833
2419,-0.00781215735729
2420,-0.0173027354746
2421,-0.0468695009376
2422,0.00114054052727
2423,0.074050837355
2424,0.137183618357
2425,0.0457942580005
2426,0.0470405000079
2427,1.10963124221
2428,-0.0481599232206
2429,-0.0189909793955
2430,-0.021110816082
2431,0.339689782778
2432,0.0028715811901
2433,0.00308698433819
2434,0.969922348789
2435,0.0293534724748
2436,-0.0109492924636
2437,-0.0487874217292
2438,0.00642464809539
2439,0.214518682786
2440,0.787429868114
2441,0.92509928578
2442,0.026258809589
2443,-0.0230484744334
2444,0.0894977223155
2445,-0.0437219785291
2446,0.023389480319
2447,-0.0501971015725
2448,0.00207346081853
2449,0.546715565135
2450,0.0185681367693
2451,-0.0421760967234
2452,0.948914813472
2453,0.0247233311593
2454,0.0500173514811
2455,0.087015343614
2456,0.0799944263935
2457,0.0410202432915
2458,0.0511785552038
2459,-0.044162666593
2460,0.102233308933
2461,-0.0143502649015
2462,-0.0631598971099
2463,0.0152044849943
2464,0.0196548603178
2465,0.943828196498
2466,0.0529106229557
2467,0.066812124365
2468,0.00069593208017
2469,-0.00863719082759
2470,0.0910417116667
2471,-0.00920427222837
2472,0.921176623421
2473,0.0300307679274
2474,-0.00818606003612
2475,0.338698604079
2476,0.0126407953701
2477,0.0130768101673
2478,-0.0258560618046
2479,0.901739043603
2480,0.0322351511569
2481,0.0422333072725
2482,0.813935096736
2483,-0.0336493426555
2484,0.00257683706057
2485,-0.0714285193251
2486,0.948470866225
2487,0.0200209763797
2488,-0.0259527627371
2489,0.10477128163
2490,1.35057504702
2491,-0.0316542636228
2492,0.0199410254678
2493,0.0684058926441
2494,-0.017768137927
2495,0.0381431965689
2496,0.735675715346
2497,1.0487909195
2498,0.0831299436063
2499,0.00309514585337
2500,-0.010487333785
2501,0.143989476608
2502,0.0214123947258
2503,0.732515011054
2504,0.00492505446237
2505,-0.0290502208605
2506,-0.00684666275899
2507,-0.0449639061633
2508,0.252797035224
2509,0.0208847539864
2510,0.0122887551488
2511,-0.0150890360948
2512,0.38026060389
2513,-0.012970344095
2514,-0.0189763738872
2515,0.0134134480971
2516,0.87890865013
2517,-0.0444988246449
2518,0.0237919955632
2519,-0.0333872122502
2520,0.0353201574309
2521,0.0373074268405
2522,0.0373268823607
2523,0.336228628828
2524,0.0593471602628
2525,0.0137621482557
2526,0.0709029126733
2527,0.583242762013
2528,0.0441676340344
2529,0.122157055885
2530,0.0444882459427
2531,0.0289226915187
2532,-0.0093490998223
2533,0.00621927408966
2534,0.0732591876686
2535,0.0379915208978
2536,-0.0283176904449
2537,0.747421683775
2538,-0.00550265995127
2539,0.0975600676338
2540,-0.0071748358462
2541,0.917738160515
2542,-0.00354884787339
2543,0.023623399523
2544,0.00116716057207
2545,0.070814450888
2546,0.0093796863062
2547,0.0181650461131
2548,0.135999224954
2549,0.0240830497708
2550,0.0485304210194
2551,0.00263936228967
2552,-0.0378847620928
2553,-0.0922545201457
2554,0.0269943613861
2555,1.11476282529
2556,0.0611859807317
2557,0.0334818242451
2558,0.0634908171327
2559,0.0669042122442
2560,-0.0102959776361
2561,0.039643143687
2562,0.461732571731
2563,0.0214851304643
2564,0.0128862505039
2565,0.0172609563962
2566,-0.0253744092306
2567,0.00324746426419
2568,0.00920122147539
2569,0.0364917877979
2570,-0.0562672963707
2571,0.999491387059
2572,0.0329854130728
2573,1.05123079729
